,CVRCurve,CVRvars,CVRwatts,CFactor,Class,Growth,IsDelta,Model,Name,NumCust,PF,PctMean,PctStdDev,RelWeighting,Rneut,Spectrum,Status,Vmaxpu,VminEmerg,VminNorm,Vminpu,Xneut,Yearly,ZipV,Daily,Duty,Idx,kV,kW,kVABase,kvar,kWh,kWhDays,puSeriesRL,XfkVA,Phases,AllocationFactor
load_p13ulv18546_1,,2.0,1.0,4.0,1,,False,1,load_p13ulv18546_1,1,0.9610097604702832,50.0,10.0,1.0,-1.0,defaultload,0,1.2,0.0,0.0,0.8,0.0,com_kw_41601_pu,[],,,1,0.12,2.4519136613739017,2.5513930890504426,0.7054970531635038,0.0,30.0,50.0,0.0,1,0.5
load_p13ulv18546_2,,2.0,1.0,4.0,1,,False,1,load_p13ulv18546_2,1,0.9610097604702832,50.0,10.0,1.0,-1.0,defaultload,0,1.2,0.0,0.0,0.8,0.0,com_kw_41601_pu,[],,,2,0.12,2.4519136613739017,2.5513930890504426,0.7054970531635038,0.0,30.0,50.0,0.0,1,0.5
load_p13ulv64927,,2.0,1.0,4.0,1,,False,1,load_p13ulv64927,1,0.9971653179536251,50.0,10.0,1.0,-1.0,defaultload,0,1.2,0.0,0.0,0.8,0.0,com_kw_39325_pu,[],,,3,0.48,62.098676256933906,62.275206667207726,4.685698729106203,0.0,30.0,50.0,0.0,3,0.5
load_p13ulv64929_1,,2.0,1.0,4.0,1,,False,1,load_p13ulv64929_1,1,0.9593168098710549,50.0,10.0,1.0,-1.0,defaultload,0,1.2,0.0,0.0,0.8,0.0,com_kw_8388_pu,[],,,4,0.12,3.7214581437554526,3.8792796138490124,1.0952440854443204,0.0,30.0,50.0,0.0,1,0.5
load_p13ulv64929_2,,2.0,1.0,4.0,1,,False,1,load_p13ulv64929_2,1,0.9593168098710549,50.0,10.0,1.0,-1.0,defaultload,0,1.2,0.0,0.0,0.8,0.0,com_kw_8388_pu,[],,,5,0.12,3.7214581437554526,3.8792796138490124,1.0952440854443204,0.0,30.0,50.0,0.0,1,0.5
